<?xml version="1.0" encoding="UTF-8" ?>
<!DOCTYPE configuration
        PUBLIC "-//mybatis.org//DTD Config 3.0//EN"
        "http://mybatis.org/dtd/mybatis-3-config.dtd">
<configuration>

<!--    <settings>-->
<!--        <setting name="logImpl" value="STDOUT_LOGGING"/>-->
<!--    </settings>-->

    <!--这是定义别名，只是为了代码简便方便-->
    <!--<typeAliases>-->
    <!--<typeAlias type="com.bjpowernode.domain.Student" alias="stu"/>-->
    <!--</typeAliases>-->
    <typeAliases>
        <package name="org.example.domain"/>
    </typeAliases>

    <mappers>
        <package name="org.example.dao"/>
    </mappers>


</configuration>