<?xml version="1.0" encoding="UTF-8" ?>
<!DOCTYPE mapper
        PUBLIC "-//mybatis.org//DTD Mapper 3.0//EN"
        "http://mybatis.org/dtd/mybatis-3-mapper.dtd">
<mapper namespace="org.example.dao.StudentDao">
    <!--parameterType表示的是dao接口中方法中参数的数据类型
    parameterType的值是Java中数据类型的全限定名称-->
<!--    这是查询所有学生-->
    <select id="selectstudent" resultType="org.example.domain.Student">
        select id,name,email,age from student order by id desc
    </select>
<!--    查询单个学生-->
    <select id="selectstudent1" resultType="org.example.domain.Student">
        select * from student where id=#{id}
    </select>
<!--    注册学生-->
    <insert id="insertstudent">
        insert into student(id,name,age,email) values(#{id},#{name},#{age},#{email})
    </insert>
<!--    删除学生-->
    <delete id="deletestudent">
        delete from student where id=#{id}
    </delete>
<!--    改动学生信息-->
    <update id="updatestudent" parameterType="org.example.domain.Student">
        update STUDENT
<set>
    <if test="email != null">
        EMAIL = #{email,jdbcType=TIMESTAMP},
    </if>
</set>
where ID = #{id,jdbcType=DECIMAL},
    </update>
</mapper>